designation,description,productid,imageid
Journal Des Arts (Le) N° 133 Du 28/09/2001 - L'art Et Son Marche Salon D'art Asiatique A Paris - Jacques Barrere - Francois Perrier - La Reforme Des Ventes Aux Encheres Publiques - Le Sna Fete Ses Cent Ans.,,436067568,1008141237
Grand Stylet Ergonomique Bleu Gamepad Nintendo Wii U - Speedlink Pilot Style,"PILOT STYLE Touch Pen de marque Speedlink est 1 stylet ergonomique pour GamePad Nintendo Wii U.<br> Pour un confort optimal et une précision maximale sur le GamePad de la Wii U: ce grand stylet hautement ergonomique est non seulement parfaitement adapté à votre main mais aussi très élégant.<br> Il est livré avec un support qui se fixe sans adhésif à l'arrière du GamePad<br> <br> Caractéristiques:<br> Modèle: Speedlink PILOT STYLE Touch Pen<br> Couleur: Bleu<br> Ref. Fabricant: SL-3468-BE<br> Compatibilité: GamePad Nintendo Wii U<br> Forme particulièrement ergonomique excellente tenue en main<br> Pointe à revêtement longue durée conçue pour ne pas abîmer l'écran tactile<br> En bonus : Support inclu pour GamePad<br> <span class=""vga_style2""><b></b><br>",201115110,938777978
Peluche Donald - Europe - Disneyland 2000 (Marionnette À Doigt),,50418756,457047496
La Guerre Des Tuques,Luc a des id&eacute,es de grandeur. Il veut organiser un jeu de guerre de boules de neige et s'arranger pour en &ecirc,tre le vainqueur incontest&eacute,. Mais Sophie s'en m&ecirc,le et chambarde tous ses plans...,278535884,1077757786
Afrique Contemporaine N° 212 Hiver 2004 - Dossier Japon / Afrique,,5862738,393356830
Christof E: Bildungsprozessen Auf Der Spur,,91920807,907794536
Conquérant Sept Cahier Couverture Polypro 240 X 320 Mm 96 Pages 90g Seyès Incolore,CONQUERANT CLASSIQUE Cahier 240 x 320 mm seyès incolorecouverture en Polypro 96 pages agrafé papier de 90 g/m2(400006764),344240059,999581347
Puzzle Scooby-Doo Avec Poster 2x35 Pieces,,4239126071,1325918866
Tente Pliante V3s5-Pro Pvc Blanc - 3 X 4m50 - Longueur : 4m50 Largeur : 3 M Blanc H,Tente pliante V3S5 Pro PVC 500 gr/m² - 3 x 4m50.Que vous soyez un particulier pour votre jardin ou un professionnel pour stand commercial ou pour vos réceptions le barnum V3S5 Pro de 135 m² sera vous combler.Imaginez un <strong>stand</strong> robuste léger adaptable à chacun pliable et peu encombrant... Le déploiement ultra-rapide et le réglage de la hauteur se font maintenant via des poignées d&#39,indexage. Nous avons également entièrement repensé les pièces de jonction et les coulissants : plus rigides et légères elles sont aussi maintenant 30% plus résistantes.  la <strong>tente pliante</strong> V3 Pro de <strong>qualité professionnelle </strong>et de<strong> fabrication française </strong>est complètement adaptable et deviendra l&#39,outil indispensable à votre activité. Toujours en vue d&#39,améliorer votre quotidien cette version du V3 se veut encore plus résistante au temps.Un traitement <strong>ignifugé </strong>répond aux exigences de sécurité en vigueur (certifié M2) et sa facilité d&#39,entretien en fait un allié pour toutes les occasions.Le produit de base est composé d&#39,une structure d&#39,un toit en bâche PVC 500 gr/m² et d&#39,une housse. Après à vous de configurer vos <strong>façades</strong> comme vous le souhaitez.Avantages<ul><li>Facile à monter</li><li>Traitement anti feu</li><li>Façades aux choix</li><li><strong>Caractéristiques</strong></li><li>Coloris blanc</li><li>PVC blanc 500 gr/m² ignifugé M2</li><li>Indexation via poignées : blocage du stand sans effort.</li><li>3 Hauteurs réglables via indexeurs.</li><li>Croisillons : 1 renfort interne et 2 renforts externes inox.</li><li>Embases : fonte d&#39,aluminium (10 mm).</li><li>Anneaux d&#39,haubanage.</li><li>Structure 100 % Aluminium / visserie en INOX.</li><li>Pièces de jonctions renforcées (polypropylène &#43, 30% fibre de verre) </li><li>Fils haute ténacité hydrofuges</li><li>Pied coulissant et système de guidage intégré</li><li>Pieds hexagonaux en aluminium (épaisseur 2 mm) </li><li>Renforts de toit PVC</li><li>Finition du toit intégrant un biais sergé </li><li>Auto agrippant 50 mm </li><li>Maintien du toit par auto agrippants</li><li>Encombrement refermé inférieur à 1m²</li><li>Dimensions</li><li>3 x 4m50</li><li>2 mâts</li><li>Hauteur du faîtage 3m10 à 3m26</li><li>Hauteur sous bandeau 1m95 à 2m11</li><li>Dimensions repliées 035 x 050 x 158m</li></ul>,3793572222,1245644185
Eames Inspired Sxw Chair - Pink - Black,The timeless DSW seat can now be paired with more types of legs! These wood legs look like a natural fit for the seat and will make a safe choice for any interior. This chair will be perfect  in offices kitchens and dining rooms.  <ul><li><strong>Ideal for :</strong> kitchen Living room office waiting room or reception</li><li><strong>Available Colours :</strong> white red blue baby blue black yellow orange olive dark orange chocolate light green warm grey beige light grey blue ocean pink fushia green tree graphite tarmac and royal blue</li><li><strong>Other Features :</strong> avalaible with or without amrests.</li></ul>,1915836983,1111840281
Fauteuil Chesterfield Brenton 100% Cuir De Buffle - Vert Empire,Canapé et fauteuil chesterfield en cuir antique BR ENTON . Coloris : Chocolat vert empire ou Rouge Cherry Disponible en canapé 4 places 3 places 2 places et fauteuil. Ses &#43, : - Un design mythique Succombez au design mythique du style Chesterfield et son capitonnage marqué du dossier qui font du salon BRENTON un modèle tendance et intemporel. Optez pour la couleur chocolat et ses reflets châtain ou sortez du commun avec le rouge cherry. Vous apprécierez lattention portée aux détails tels que le capitonnage de la structure de lassise et les coutures daccoudoirs cloutées. - Des matériaux premium Vous serez séduits par son cuir antique qui patiné à la main apporte au salon BRENTON son aspect vieilli très tendance. À la fois esthétique et agréable au toucher succombez au cuir de buffle pleine fleur qui confère à ce canapé toute son élégance. Le cuir pleine fleur est la première couche de la peau de l&#39,animal. Non corrigé il a conservé sa surface d&#39,origine appelée la fleur laissant apercevoir le grain naturel de la peau. Matière noble et luxueuse le cuir pleine fleur est particulièrement doux et agréable au toucher. - Un confort optimal A la douceur du cuir plein fleur s&#39,ajoute  le confort du garnissage en mousse haute résilience qui vous garantit un confort absolu et durable. Choisir le BRENTON c&#39,est opter pour un canapé haut de gamme qui vous apportera une satisfaction totale et durable. Caractéristiques techniques : LINEA SOFA :  La collection de salons LINEA SOFA répond aux désirs de confort et d&#39,ésthétisme de ceux qui recherchent des produits d&#39,exception. Spécialisée dans les salons de designers haut de gamme la marque LINEA SOFA donne de la personnalité à votre intérieur ! Un soin extrême est apporté à la fabrication de ces produits de luxe aux finitions irréprochables conçus dans des matériaux nobles exclusivement. Toujours à la pointe des tendances LINEA SOFA tient à proposer sans cesse des collections à la fois fonctionnelles et uniques au nuancier de couleurs innovantes. Cuir de buffle Pleine fleur . Matière noble et luxueuse le cuir pleine fleur est particulièrement doux et agréable au toucher. Fleur corrigée et pigmentée  épaisseur 09 - 11 mm. Cuir antique : Cuir pleine fleur patiné à la main pour un aspect vieilli et brillant durable Ce salon est recouvert exclusivement de cuir de buffle pleine fleur vous garantissant ainsi qualité confort et longévité. Assise et dossier garnis de mousse de polyuréthane haute résilience. Utilisée en literie la mousse haute résilience est plus confortable et plus robuste que les mousses classiques et vous assure donc un plus grand confort et une meilleure résistance au cours du temps. Densité d&#39,assise 40 kg/ m3 pour la première couche 30 kg/m3 pour la deuxième couche et 22 kg/m3 pour la troisième couche. Densité du dossier et des accoudoirs : 30 kg/ m3 pour la première couche 22 kg/m3 pour la seconde couche . Suspension du dossier sur sangles élastiques et ressorts. Suspension de l&#39,assise sur ressorts hélicoïdaux .  Structure et pieds en bois. Bon à savoir : Le cuir de buffle est un cuir dont le relief est plus important son grain est à la fois naturel et irrégulier. Ces caractéristiques en font un matériau particulièrement résistant et qualitatif  qui lui vaut le surnom de diamant du cuir. Dimensions : - du canapé 4 places : L240 x P99 x H73 cm - du canapé 3 places : L201 x P96 x H73 cm - du canapé 2 places : L160 x P96 x H73 cm - du fauteuil : L105 x P96 x H73 cm Hauteur d&#39,assise: 46 cm Profondeur d&#39,assise: 57 cm Veillez à bien vérifier les dimensions de votre porte/escalier pour la livraison. Le délai de livraison de ce produit vous sera confirmé dans votre panier. Dimensions et colis : Fauteuil BRENTON : Produit : Longueur 105 cm Largeur 96 cm Hauteur 73 cm Poids 36 kg Colis : Longueur 112 cm Largeur 103 cm Hauteur 80 cm Poids 36 kg,4127967621,1295816984
Peaceable Kingdom Wheres Bear? The Hide And Find Stacking Block Game For 2 Year Olds,pCan my 2-year-old play a game? Yes Each game in our 2 year old collection is designed so that your child will experience what its like to take turns play within the rules (even loosely) and possibly learn a new skill like rolling a die. Unlike games for older children however you dont win or lose any of these game s- you play to explore you play to learn and you play to connect and have quality time with your little one. Since 1983 play has been the heart and soul of Peaceable Kingdom. Silly play special play wholehearted play We create experiences to help kids play well together so they can play well in the world. Our games and gifts connect kids and families encourage learning and self-expression and let imaginations soar. And if a piece of your Peaceable Kingdom game or gift gets lost in all that fun we will gladly send you a replacement piece - just contact us directly with your need When play comes from the heart and feeds the soul thats Peaceable Kingdom.p,3287127001,1204199842
Paire De Voilages Imprimés Fantaisie,Paire de voilages droits fantaisie qui mettra votre intérieur en valeurUn parement uni à petits coeurs suivi d&#39,un petit galon coloré en forme également de coeur qui viendra faire la jonction avec la partie inférieure rayée ton sur ton en coloris écru2 coloris: gris et rouge2 dimensions:  60 x 120 cm et  60 x 160 cmFinition de tête a ourlet passe tringlePrêt-à-poserLa base et les côtés sont ourlés Caractéristiques:Coloris: gris et rougeFinition: ourlet à passe tringleComposition: 73% polyester et 27% cotonDimensions: 60 x 120 cm et 60 x 160 cm Vendu à la pairePrêt-à-poser,1882164320,1109088140
Matelas Mémoire De Forme 180x200 X 20 Cm Très Ferme - Déhoussable Housse Lavable - 7 Zones De Confort - Noyau Poli Lattex Hr Dernière Génération - Très Respirant,MATELAS:<br />Â· Accueil : Ferme .<br />Â· Soutien : Très Ferme .<br />Â· Technologie matelas : Face été &#43, à¢me en Mousse Poli Lattex Dernière Génération Indéformable Très Haute Résilience - Face Hiver 45 cm de Mousse à  Mémoire de Forme Très Haute Densité 60 Kg/m3 &#34, Massante&#34,<br />Â· Épaisseur du matelas : &#43,/- 20 cm.<br />Â· REPOS PLUS SAIN grà¢ce au Traitement Anti-acariens / anti-bactérien / Anti-moisissures.<br />Â· Très Bonne Indépendance de couchage.<br />Â· DORMEZ TRANQUILLE avec la Garantie 5 ans.  Il est Compatible avec les Sommiers Mécaniques et électriques<br />Coutil:<br />Â· Coutil stretch matelassé de 290 gr/m2 de Polyester avec traitement Sanitized. Faces de couchage Réversibles - Déhoussable sur 3 Cà¿tés et Housse Lavable à  30Â° position Lavage à  la main Délicat -<br />Â· SANITIZED : Traitement antibactérien et anti-moisissures diminuant également le développement des odeurs.<br />Structure et garnissage du matelas:<br />Â· Faces Dormeur : 15 cm de mousse profilée à  Haute Ventilation pour Maximiser le Confort &#43, coutil en tissu 3D pour la bonne Respiration du noyau matelassé Air System.<br />Â· Tissu Hyper Respirant réalisé en 3 dimensions qui permet une circulation libre de l&#39,air offrant ainsi une plus grande ventilation et dâ¿¿hygiène.<br />Â· Plate-bande: Tissu Hyper RESPIRANT matelassé avec de la ouate polyester <br />Â· à¿me noyau : bloc de 15 cm de Mousse HAUTE RESILIENCE Poli Lattex dernière génération Indéformable<br />Â·  La structure du matelas est divisée en 7 incroyables zones de confort qui s&#39,adaptent à  tous types de morphologies et aident à  libérer les tensions musculaires pour soulager les maux de dos provoqués par de mauvaises postures au cours de la journée.<br />Â· TISSUS CERTIFIES : Système de Qualité Certifié Oeko-tex 100  Certipur testé contre les substances nocives. Certification ISO 9001,4108914287,1292441752
Zenith Pince Agrafeuse 591 N°10 Coloris Noir,Pince agrafeuse 591 N°10. Capot en ABS. Dispositif anti-blocage. Mécanisme et corps métal. Agrafage : 15 feuilles.  Capacité : 200 agrafes n°10. Profondeur de gorge : 46 mm. Livrée avec 1 boîte d&#39,agrafes n°10. En boite individuelle.,3718150116,1237257586
Walter Scott Oeuvres Complètes Tomes 3456 10 Et 11,,3735707499,1239242410
Mod Podge Dishwasher Safe Gloss 8oz,,2666371748,1156191369
Power Rangers Rouge Force Mystic Figurine Transformable 18 Cm,,91015572,857195931
Monde Illustre (Le) N° 3083 Du 20/01/1917 - L'emprunt De La Victoire En Angleterre - Le Meeting Du Guildhall - Lloyd George - Bonar Law Et Mac Kenna - La Conference Des Allies - Briand - Barrere - Le General Palitzine,,570628142,1027257229
Kit de désinfection pour piscines enfants 20990,,3936362802,1268740880
Glitter Beach Barbie By Barbie,Original Barbie Doll. Contains glitter lotion..,3228900895,1199384348
Le Seigneur Des Anneaux Figurine En Plomb À Peindre Avec Son Socle : Sam,,1893048509,1110089245
Véhicule Star Wars A-Ast5,véhicule vintage de la saga star wars le A-AST5,279822475,978593209
Mini Wifi 720p Caméra Drone Rc Quadcopter 24 Ghz 4ch 6-Axis Gyro 3d Ufo Fpv Rc _1975 @Cocoworld-Générique,Mini Wifi 720P Caméra Drone RC Quadcopter 24 GHz 4CH 6-Axis Gyro 3D UFO FPV RC Description: Marque: DHD D4 Point NO.:D4 Fréquence: 24 GHz canal: 4 canaux Axe: 6 axes Couleur: Vert bleu Copter batterie: 3.7V 220mAh temps de vol: A propos 6mins temps de charge: à propos de 50mins contrôle à distance: environ 50 m taille du produit: 105 * 105 * 3cm Caractéristiques: 4 canaux mini quadcopter. le mode de détection de gravité rend plus intéressant de contrôler le drone. Avec la caméra 720P il permet de prendre des photos et enregistrer des vidéos. Wifi FPV en temps réel apporte le monde devant vous. Avec la lumière LED pour la nuit flight.With 3D flips « n » roll peut rendre votre vol plus drôle. vous permettent de voir la vue HD en direct de la caméra FPV et tenir au courant de ce qui se passe dans l&#39,air. la technologie 2.4G adoptée pour l&#39,anti-ingérence. encore plus d&#39,un quadcopter vole en même temps ils ne vont pas interférer les uns avec les autres. 6-Axis vol quad-giravion gyroscope une forte stabilité peut facilement mettre en ¿uvre divers mouvements de vol plus forte résistance au vent plus facile à contrôler. Avec la lumière LED deviennent plus en sécurité dans le ciel nocturne. mini portable cellule de pliage peuvent être montés dans le contrôle à distance de véhicules aériens équipés de plein air sac de vol Voyage facile sans pression Fonctions: haut / bas tourner à gauche / droite avant / arrière gauche / droite sidewayfly flips 3D « n » roll avec LED paquet contient: 1 x Quadcopter (720p camera sans fil) 1 x batterie 1 x télécommande 1 x étui de protection extérieure 1 x support de téléphone 1 x Quadcoper chargeur USB 4 x 4 garde lame x 1 x Manuel peut facilement mettre en ¿uvre divers mouvements de vol plus forte résistance au vent plus facile à contrôler. Avec la lumière LED deviennent plus en sécurité dans le ciel nocturne. mini portable cellule de pliage peuvent être montés dans le contrôle à distance de véhicules aériens équipés de plein air sac de vol Voyage facile sans pression Fonctions: haut / bas tourner à gauche / droite avant / arrière gauche / droite sidewayfly flips 3D « n » roll avec LED paquet contient: 1 x Quadcopter (720p camera sans fil) 1 x batterie 1 x télécommande 1 x étui de protection extérieure 1 x support de téléphone 1 x Quadcoper chargeur USB 4 x 4 garde lame x 1 x Manuel peut facilement mettre en ¿uvre divers mouvements de vol plus forte résistance au vent plus facile à contrôler. Avec la lumière LED deviennent plus en sécurité dans le ciel nocturne. mini portable cellule de pliage peuvent être montés dans le contrôle à distance de véhicules aériens équipés de plein air sac de vol Voyage facile sans pression Fonctions: haut / bas tourner à gauche / droite avant / arrière gauche / droite sidewayfly flips 3D « n » roll avec LED paquet contient: 1 x Quadcopter (720p camera sans fil) 1 x batterie 1 x télécommande 1 x étui de protection extérieure 1 x support de téléphone 1 x Quadcoper chargeur USB 4 x 4 garde lame x 1 x Manuel,3748203527,1240721678
Dsi + Chargeur + Sacoche + 12 Jeux,,211334790,948608572
Modèle De Voiture 4pcs Alliage Métallique 1.9in Jante De Roue Pour 1/10 Traxxas Trx4 Hsp Scx10 D90 Rc Voiture,4pcs alliage métallique 1.9in jante de roue pour 1/10 Traxxas TRX4 HSP SCX10 D90 RC Car Description: Ces haute qualité moyeux de roue 19 pouces sont en alliage métallique durable et solide. Ils conviennent pour les pneus de 1/10 Traxxas HSP Redcat Tamiya axiale SCX10 D90 Hpi RC 4 roues motrices voiture. Avec sa qualité formidable et la performance il peut répondre aux besoins des utilisateurs. Alors venez prendre la maison excellent choix vous permettra de profiter plus de plaisir. 19 pouces jante de la roue de blocage. En métal et 100% tout neuf et durable. Diamètre extérieur: 54 mm Epaisseur: 25 mm de jante de roue Hex: 15mm Taille du paquet: 115 x 115 x 28 cm Couleur: Noir Poids: 250g Matériel: Métal Package comprend: 4 x moyeu de roue,4137059841,1297749086
Faber-Castell Lot De 3 Crayons De Couleur Polychromos Mine 38mm À L&#39,Huile Vert Emeraude,FABER-CASTELL Crayon de couleur POLYCHROMOS vert émeraudepour artistes hexagonal résistant à l&#39,essuyage et auxintempéries mine craie à l&#39,huile solideépaisseur de mine: 38 mm longueur: 176 mm(110163)couleur: 163,2536863974,1148154575
Univers (L') N° 249 Du 12/09/1854 - France - Paris 11 Septembre 1854 Par Du Lac - Protestation Par Joseph,,570663184,1027317460
Dragon Ball Super - Bt3-070 - C-13 Les Prémisses De La Peur - Peu Commune,,3226779852,1202890774
Lampe De Lecture Rechargeable Led Lampe De Beauté Lampe De Protection Des Yeux Lampe Froide Col De Cygne Lampe Moderne Lampe De Bureau Rechargeable,Nom de la marque:SYTH<br />Ampoules incluses:Oui<br />Certification:CCC<br />Matériel du corps:En aluminium<br />Type d&#39,ombre:ABS<br />Voltage:5V<br />Matériel:En aluminium<br />Numéro du modèle:SYTH-DMSH-001<br />Style:Moderne<br />Type de découpage:Bouton-Poussoir<br />Source de lumière:Ampoules à led<br />Type de l&#39,article:Lampes de bureau<br />Source d&#39,énergie:Dc<br />Terminer:Fer<br />Réglable:Oui<br />feature 1:table lamp<br />feature 2:desk lamp<br />feature 3:led table lamp<br />feature 4:led desk lamp<br />feature 5:study lamp<br />feature 6:table light<br />feature 7:usb led<br />feature 8:book light<br />feature 9:reading light<br />feature 10:reading lamp,4198487181,1313675704
X-Men 3 - The Movie,,49132716,874730792
2 Cagettes De Rangement Happy Life - 40 X 30 Cm - Beige,Organisez et rangez de manière scandinave votre intérieur grâce à ce lot de deux cagettes aux citations débordantes de bonne humeur. Empilables vous pourrez facilement les ranger pour obtenir un gain de place optimal.<br />Notre Idée Déco : disposez-les sous une table basse dans un meuble de rangement ou tout simplement dans un coin de votre salon en tant que objets de rangement décoratifs.<br />FICHE TECHNIQUE<br />- Cagettes en bois de différentes tailles.<br /><br />CARACTERISTIQUES TECHNIQUES<br />- Dimensions de la grande cagette : L. 40 x l. 30 x H. 20 cm.<br />- Dimensions de la petite cagette : L. 35 x l. 25 x H. 16 cm.<br />- Poids : 201 kg.,3079667218,1195260111
Lindner 2365-2115ce Coin Case Nera Xl With 3 Trays And Black Coin Inserts With 90 Rectangular Compartments For Coins/Coin Capsules Up To Ø 38 Mm,Timeless elegance a clear design versatility functionality and most of all a special haptics touch - these are the distinguished features of our NERA series. The grained structure of the material in conjunction with the crÃ¿me colored stitching grants this series its individual character. The graphite colored and padded lining of the lid of each Nera case provides an attractive contrast to the inserts and your coins. The coin trays are covered with a high-quality velour-like surface. Coin case with black grained surface in leather optic and crÃ¿me colored stitching. Graphite colored and padded lining of the lid. With 3 trays and black coin inserts with 30 rectangular compartments. The coin inserts are covered with a high quality velour-like surface. Format: 310 mm x 255 mm x 82 mm. Suitable for coins/coin capsules up to Ø 38 mm.,3817904723,1248853903
The Lord Or Thé Rings,,4237073471,1324384878
Decoration De Noel Christmas Snowman Kitchen Table Chair Covers Holiday Home Decoration,Christmas Snowman Kitchen Table Chair Covers Holiday Home Decoration Description:Product Name:Christmas ornamentsBrand new and high quality.Occasion: Party BanquetrestaurantVery easy to use simply stretch over the chairMaterial:ClothColor: RedBlueBlackGreenSize: 58X40CMTips: Due to the difference between different monitors the picture may not reflect the actual color of the item. Thanks! Package Included: 1x Chair Cover,4211197055,1317753478
30 Spots Encastrable Orientable Blanc Avec Gu10 Led De 5w Eqv. 40w Blanc Froid 6000k,<b>Lot de 30 Spots encastrable orientable BLANC avec GU10 LED de 5W &#61, 40W</b> <p><b>Kit contenant: x30 Douilles GU10 &#43, x30 Ampoules GU10 5W &#43, x30 Colerettes Blanche</b></p> <p></p> <p><b>L&#39,Ampoules LED 5W GU10 </b>fait partie d une vaste gamme de lampes d ambiance à LED de longue durée faible consommation et brillamment conçues avec un <b>culot GU10</b> sans avoir à changer votre installation.</p> <p>Avec une remarquable combinaison de technologie haute efficacité et une forme innovante <b>L&#39,Ampoules LED GU10 5W </b>fournit la qualité de lumière que vous attendez.</p> <p>Elle dure jusqu à 25 fois plus longtemps et fournit jusqu à 82 % d économies d énergie.</p> <p>De plus d êtres design <b>l&#39,Ampoules LED GU10 5W </b>à une efficacité de rayonnement pouvant s&#39,étendre jusqu&#39,a 150°. <b>L&#39,Ampoules LED GU10 5W</b> sont les mêmes ou meilleures que les <b>Ampoules E27</b> standards mais elles consomment moins d&#39,énergie.</p> <p>Solution économique et écologique de nouvelle génération utilisation dans les maisons bureaux restaurants hôtels et bâtiments publics.Elle remplace entièrement la lampe incandescence ou halogène standard. </p> <p>Installation facile longue durée de vie.</p> <p></p> <p><b>Avantage:</b></p> <p>- Durée de vie : 25.000 heures<br />- Consomme jusqu à 85 % moins d énergie<br />- Ampoule LED omnidirectionnelle homogène et équilibrée<br />- Allumage instantané</p> <p>L&#39,efficacité énergétique et une longue durée de vie des <b>Ampoules LED GU10</b> engendrent moins de remplacements de lampe en comparaison avec les sources incandescentes et halogènes standards.</p> <p></p> <p></p> <b>Douille en céramique GU10 avec câble gainé 230 Volts - Classe 2</b> <p>Connecteur électrique automatique (pas de vis) avec double connexion pour un montage en parallèle (arrivée pour le spot et départ pour le spot suivant) &#34,Sucre&#34, de protection clipsable Dimensions (longueur x diamètre) &#61, 175 x 30 mm. </p> <p>Conforme aux Normes CE - RoHS - EMC <br /><br />Douille pour ampoule à culot GU10/GZ10 automatique<br />Corps isolant en steatite<br />Fil silicone 075mm²<br />Câble gainé<br />Sucre de protection avec fermeture à clipser ( pas besoin de vis ) amovible.<br />Double connexion pour montage en série clipsable sans besoin de s&#39,aider d&#39,un outil.<br />Longueur 15cm <br />Résistant à 250°C</p> <p></p> <p></p> <b>Collerette Orientable Ronde Blanche </b> <p>Dimensions : diamètre 65mm Perçage d&#39,encastrement : pour 90mm de diamètre total </p> <p>Ce support encastrable blanc est idéale grâce à son centre orientable. Cela permet de diffuser la lumière dans une direction choisie. Son diamètre de 90 mm et le trou de coupe de 65 mm. L&#39,ampoule se place par l&#39,avant très pratique lorsque l&#39,on veut la changer. </p> <p>Sa couleur blanche permet de l&#39,intégrer sans problème à votre plafond blanc ou coloré.</p> <p></p>  <p>Puissance</p>  <p>5W</p>  <p>Douille</p>  <p>GU10</p>  <p>Alimentation</p>  <p>AC175-265V</p>  <p>Flux lumineux</p>  <p>400 Lm</p>  <p>Puissance des LEDs</p>  <p>5W</p>  <p>Fréquence de fonctionnement</p>  <p>50-60Hz</p>  <p>Couleur de la lumière</p>  <p>4500K</p>  <p>Angle de la lumière</p>  <p>110°</p>  <p>Ra</p>  <p>&gt,80</p>  <p>Consommation</p>  <p>5KWh/1000h</p>  <p>Température de fonctionnement</p>  <p>-30°C / &#43,50°C</p>  <p>Matériel</p>  <p>Thermoplastic &#43, Aluminium</p>  <p>Degré de protection</p>  <p>IP20</p>  <p>Taille</p>  <p>?50x57 mm</p>  <p>Poids</p>  <p>0.077 kg</p>  <p>Exploitation</p>  <p>&gt, 25 000 Heures</p> ,3847254406,1264434293
Nouveau 01h20 Échelle Alloy Mini Pull Back Voiturette W / Clubs Diecast Jouets Modèle Du Véhicule,NOUVEAU 01h20 échelle Alloy Mini Pull Back Voiturette w Clubs Modèle Caractéristiques Toy Diecast véhicule: 100% qualité de la marque nouvelle et haute. 1:20 mini-échelle se retirent de golf avec des clubs modèle diecast Tirez la voiture et relâchez la voiture va aller vite et en douceur: Alliage &#43, Plastique Couleur: Jaune Rouge Bleu Vert Taille: environ 115 x 57 x 75 cm x 453 x 224 2.95inch note: tir de lumière et différents affichages peut provoquer la couleur de l&#39,élément dans l&#39,image un peu différente de la vraie chose. L&#39,erreur de mesure est autorisée &#43, - 1-3cm. Contenu du coffret: 1 x Golf Cart Modèle Toy,4007155304,1275613423
4pcs Décor Coussin Indépendance Style Jeter Covers Taie D'oreiller,4pcs Décor Coussin Independence Day Style de Throw Taie d&#39,oreiller Couvre vente de produits Point: Il peut être utilisé pour décorer le salon faire paraître à la maison chaleur plus confortable. Coussin décoratif couverture utilisé pour 18x18 pouces oreiller inserts (pls noter: Les insertions ne sont pas inclus et le motif de peinture d&#39,un seul côté). taies d&#39,oreiller facile de faire correspondre votre canapé canapé  autre pillows.Soft et durable pour les deux à l&#39,intérieur (salon bureau chambre etc.) et à l&#39,extérieur (terrasse voiture etc.). Fermeture à glissière cachée Conçu draps en coton Coussin Coffre-fort à la machine wash.Or par lavage à sec hand.Dot Non Bleach.Tumble Low.Do Non fer. Fait de draps en coton durable et écologique Materials.Keep votre place propre et Throw Pillow contre zéro les traces de doigts. Description Matériel: Coton Lin (approx.): 18 &#34,x18&#34, / 45cm * 45cm La taille peut avoir un écart de 0.5-2cm en raison de produit par date. Remarque: S&#39,il vous plaît permettre erreur mineure en raison de la mesure manuelle. En raison de la différence entre les différents moniteurs l&#39,image peut ne pas refléter la couleur réelle de l&#39,article. Le forfait comprend: 4pcs  Taie d&#39,oreiller (non coussin intérieur inclus),4012748163,1276344493
Bouée gonflable River tube - OOGARDEN,Bouée gonflable River tube en PVC idéale pour des parties de glissade sur l&#39,eau.Dimensions article gonflé : 107 x 107 x 30 cmDimensions article plat : 122 cmMatière : PVCInclus : Corde de maintienConfortablement installé accrochez vous à cette Bouée gonflable River tube pour des jeux de glisse à la Piscine ou à la mer !,3147314797,1225887302
Mini Console De Jeux Double Joueurs 8 Bits Console De Jeux Vidéo 620 Enfance Jeux Classiques Av Out Family Tv Contrôleur De Jeux Rétro,Nom de la marque:NoEnName_Null<br />Affichage de couleur:Oui<br />Ecran tactile:Pas de<br />Numéro du modèle:CoolBaby<br />Paquet:Oui<br />Communication:USB,4200874030,1316147329
Présentoir À Biscuits Et Chocolats,,1548294503,1092313319
Pilot Mr Stylo Plume Moyenne Design Crocodile Noir/Bleu,Couleur:Crocodile Noir/Bleu. Description du produit: Une touche d'esprit sauvage dans votre écriture. Stylo-Plume Premium avec plume en acier et corps en métal. Rechargeable avec des cartouches DIN standards      Points forts: Rechargeable,824469524,1054895962
Non Toxique Effacer Slime Coul Beau Mélange Nuage Slime Relief Enfants Jouets Stress,Non toxique Effacer Slime Couleur Beau mélange Nuage Slime Relief enfants Stress Jouets Caractéristiques: Fabriqué avec des matières premières respectueuses de l&#39,environnement 100% sûr et non toxiques. Soyez assuré de jouer mais n&#39,eat.Safe pour les enfants à utiliser! non toxiques pour les enfants à jouer. Ne peut pas être mangé pas trop petits enfants. Parfait pour soulager le stress. Comme vous presser plier rouler et tirez la boue des heures de plaisir la satisfaction des bruits et un grand cadeau. choix de cadeau idéal pour les enfants. jouet de boue merveilleux pour les garçons et les filles. Grand soulagement du stress pour les adultes et les enfants. Aucun Post-it - moins collante que des autres Fluffy Slime alors essayez la nôtre de se débarrasser de adhésivité. Grande cohérence texture étonnante. Super facile à jouer Slime juste le sortir du pot et de trouver votre façon préférée de jouer avec cette boue pelucheux. Aussi idéal pour les arts l&#39,artisanat et les projets scolaires. En jouant visuel les enfants peuvent exercer leurs mains d&#39,améliorer la motricité développer des yeux de la main. Caractéristiques: Matière: boue boue Poids de la marchandise: poids unique sur les 140g Capacité du produit: 120ml Paquet: 1 x 120ml boue d&#39,argile,4006528698,1275678245
Diagrammes N° 26 Du 01/04/1959 - Le Siecle Du Petrole Par J. Guillerme Et Claude-Henri Rocquet,,569725834,1027001857
Rideau A Oeillets Plastique Polyester Uni Essentiel Lin 140 X 260 Cm,rêt-à-poser ce rideau s'installe facilement et vous fera gagner du temps    Composition: 100% Polyester    Ce rideau vous protégera des regards extérieurs et ne laissera pas passer la lumière    Dimension: 140 x 260 cm    Finition: 8 oeillets ronds PLASTIQUE    Plusieurs coloris dans cette collection ainsi que des Galettes de chaise des housses de coussin des nappes pour donner un coté original à votre interieur,2333136838,1136619798
Vassivière -En-Limousin.  Le Jardin Art Et Lieu De Mémoire,,444108636,1010065513
Shin Masoukishin Panzer Warfare (Import Jap),,8870838,868167157
Dragon Ball Z - Serie 3 - 13 - Francaise,,73334276,844838682
100pcs Premium Bâtons Bracelets Neon Light Glowing Party Favors Rallye Raves 9062 @Cocoworld,100PCS premium Bâtons Bracelets Neon Light Party Favors Glowing Rallye Raves Nous ne proposons pas le choix de la couleur et le style nous vous ferons parvenir le produit au hasard espérons que vous pouvez comprendre Feature: 100% tout neuf et haute. Quantité: 100PCS Couleur: Une variété de mélange de couleur aléatoire Mode d&#39,emploi: doucement seulement une pause le liquide dans les bâtons de Glo-alors mélanger immédiatement tube fluoresce.1 instantanée à l&#39,intérieur de l&#39,articulation a été adaptée faciliter plusieurs extension illimitée aussi peut être transformé en notre coloré une grande variété peut être utilisé pour: concerts salles de danse anniversaire fête mariage fête fête vacances célébration randonnée pédestre camping lieux tels que l&#39,éclairage et la décoration bâtons Glo-appartient à la taille : 05cm X 20cm contenu: 100PCS bâtons lumineux haut de gamme Bracelets Neon Light Party Favors Glowing Rallye Raves,3748234383,1240783666
Jeu Pc Cd-Rom : Azteca,,4232229083,1322918708
